4373425,Stark Reactor Pet Plaque
4433755,Tunze Stream 3 Slim Holder
4720840,Omega Paw Littler Box Handle
4742585,Right Side Mount Thermo hygrometer support for Lack enclosure 
4742968,Cat food pouch squeezer
4716320,gamelle anti glouton
103832,Tetra WaterWonders Alternate Pump Cover
100932,Portion Restrictor for Le Bistro Portion Control Feeder
52285,Octagonal Aquarium leak repair
106608,dog Bowl
106333,Two Zen Family
511383,Holder for LIXIT dog cage water bottle with Proselect empire cage
643320,"Stand for a 28mm (1.1"") heat sink for CPR aquafuge 2"
592653,Zakjespers
683752,Tube Holder for Fish-Tank
3895334,Dog Lead Grip Handle
3890479,Swisspet Hex Screw Cover
3891414,Schildkrötenbad
4890951,Dog poop bag holder
4889029,World's Best Reptile Trophy
4889443,Smelly Cat Sign
4904433,Small ant formicarium / nest
4748535,Juwel Aquarium Primo 60 / AniOne Aquarium Starter Kit 60 - Futterring / Futterblende / Futtereinsatz
4749228,PetSafe Pet Feeder Splitter and Riser
4770248,BAGUE CANARD DUCK ATTACHE
4934956,Jebao DCS-1200 intake cover for Red Sea Max Nano
4938473,Cat flap
4938525,Rat hut
4939017,Silent module (not adaptor)
4950705,Hamster Wheel
5021810,Juwel Rio 180 Feeder replacement lid
5023146,The repair part for Tetra GS 45
4978480,Ants feeder / formicarium 
4979499,Dynarex Alcohol Prep 200
4949483,Cat crate latch fix
4929310,Slow Feeder for Puppy/Dog
4929924,Felicia pet food cover
4931024,Winch motor for sliding door (pet door)
4931402,Formicarium for very new colonies - Replace water without moving the queen
4932739,Dog Tug Strap Door Handle Attachment
4961784,Nettoie Vitre Aquarium
4960723,Moonlightadapter Aquarium Juwel Rio 180l
4965723,Canine/dog cage/crate Maru #1 for Kia Niro 2017
4923792,Juwel Aquarium cover
4923861,IceCap Kalk reactor funnel
4924495,water nozzle dispacher nano cube aquarium 
4910840,support bouteille CO2
4910955,gecko penthouse
4911320,Aquarium Dosing Hose Holder
4794800,IoT Pet Feeder Remix for 2 cats
4841581,Hamster litterbox
4786342,cat food lid
4788455,Breakaway cat collar tag by Erunduk: Blank version
4856443,Baby_Chick_Feeder_for_bonne_maman_jam_Jar
4856462,Baby_Chick_Waterer_for_bonne_maman_jam_Jars_Safety_Drown_Resistant
4844945,Čuvaj se psa
4847604,Deckel Schesir 70gr Dosen
4829342,Fridge cat treat holder (Cosma Snackies)
5162195,Leash Poop Bag Holder
5185038,Aquarium Co-Op Auto Feeder Funnel (Right side)
5184080,Dog Crate Dish Holder
5155430,Wheelie dog sign
5155764,Kitty Litter Pooper Scooper
5215616,Dog Sign
5218179,Litter Robot Liner Clips
5245884,Algae scrubber rim mount 
5235342,CAD Lights PLS-150 Carbon Holder Lid
5200580,OpenFormicaria - V2 Connector 90deg tube 18mm
5203369,Cube Fish Tank Lid
5235483,Chicken/Chick water bottle hanger
5237252,Cubic Cat
5243166,Aquarium 45 degree single frag plug mount
4800228,Cat bowl support
4784389,Locust Ramp for egg holders
4807106,Reef Brite Cable Brackets (Cyclone Reef)
5162847,Box Lids XYZK
5187390,Bird Feeder - 2 tallow ball
5136548,Pet Tags (2-Color; Dual Extruder NOT Required)
5137130,Aquaforest Coral Supplement Bottle Holder
5170441,Case for Elitech temperature controller
5171620,Birdhouse cage base
5173632,Bird Feeder
5078364,Micro shredder for nuts / Микро дробилка орехов
5031537,Tabs Holder Aquarium
5168369,Pet Water Bottle Holder
5153274,Treat a Pet
4895323,Exit cover for rabbit tunnel system (Zippi / Omlet)
4838157,Food Dispenser v2
4876845,Juwel EccoSkim Adapter (filter cover used)
4874708,Doggie poop bag dispenser
4861068,"Kaytee Silent Spinner 10"" repair"
5220100,Piramide Mascota orgonica base 600x600
5221245,Small Airtag Collar Strap
5221350,Cat Water Dispenser
5178623,Dog Business widget
5251890,Cat Water Fountain Stand
5253898,Bracket for dual terrarium hood setup for perfect bearded dragon lighting
5367288,Gerbil/ Rodent Food Scoop 1.5 - 2 Tbsp - No Supports
5367998,Small Pet Feeder - once a day
5347470,Cat Feeder
5347527,Aquarium rim bracket - 6mm glass
5613203,manual feeder for aquarium fish with frozen food
5654423,Catfood can lid
5548772,Shrimp Shelter v2
5730166,Poop Bag Dispenser
5783055,puppy bandanna cinch / tensioner
4561944,3D Printed Parts for DIY Chicken Coop Automated Door
4497077,PetSafe feeder splitter with bowl holder
4553612,Dog Jump Cup for 1 1/4 inch PVC Pipe 
4492291,Magnetic Pet Food Bowl
4549917,Door Hanger (Dog)
4549953,Pet Bowl
4526329,RedSea Max 130C Sump Front Wall Extensions
4535281,Dog Leash Handle
4598284,Cat shaped litter scoop
4609961,Water Bottle Holder for Guinea Pigs and Small Rabbits
4610309,Garnelen Waben
4616278,Juwel 120x60 Mount / Case for 28BYJ-48 driven Fish Feeder 
4679717,Tiny Tales Hamster Cage Plugs
4627475,Cat flap cover
4596443,"BALLDOGO Tennis balls organizer, based on #prusament spool"
4597252,Coralife Mini Aqualight Remote Holder
4623688,600ml Animal Water Bottle Holder
4628663,Aquarium castle decoration with moss grid
4591926,Pet Gate Door Holder  
4570389,AQUAEL Leddy TUBE RETRO FIT Mount
4661981,noopsyche k7 pro ii Mount
5177483,Bird Basketball Net
5502853,aquarium corner float
5533473,Heater Cage for aquarium heating element
5257988,Gourami Feeder Ring
5373661,Marineland Magniflow Canister Filter sponge intake 
5373859,Eheim Quickvac Pro Acquarium Hoover Corner Adapter
5274886,Big dog poo bag holder
5276847,Shallow Bird Bowl
5355442,Little Cat Feeder
5362108,Lüfter Aquarium 120mm
5362170,Car headrest dog guard adapter
5261401,Finger Brush (Large)
5262062,API Master Test Kit Test Tube Cap Holder
5262666,Finger Brush (Medium)
5744243,Cat wand
5409084,Juwel Rio 180 Lüfterhalter und Abdeckung / Fan Holder & Cover
5294754,Cabideiro Parede Patinha Cachorro - Wall Coat Rack DogPaw
5393810,"Red sea basket 4"""
4711716,drinking bowl cage mount
4712121,Add on for Dog Poop Bags Dispenser with LED Light
4703609,Parrot / Large Bird Perch Mount Replacement Part
4829725,Shrimp protection for OFA Skimmer Standard
5791671,upside down  tank stand
4650501,Syringe Holder
5246684,Aerator / Nozzle
3472614,Binkie
4597458,Jebao 3 channel dosing pump
4979979,Reef Octopus eSsence 130 Stand
3059692,Ant arena for testtube
5775415,Dog Poop Bag Holder
4962059,Fish Food Tidy
5171657,Overflow Comb V1 For Aquarium
4899838,Fishhouse multi
5263852,Sera Test support
4714055,Aquarium JBL test holder
5761768,Cats litter scoop
3883263,Perch holder for cage door
5431486,Dog Bowls
5144877,PetKit Fresh Element Infinity Food Rotor Replacement
5402896,Dog Poo Bag Holder
3508658,Butterfly Cat Toy
2676067,Bottle Holder for Bin Cages
5211067,AquaClear50 Flow Restrictor & Shelf
4411605,Pet Finger Comb
4880995,Overflow Box Silencer
4895804,Fish tank heater clip
4183045,Fish Tank Heater Clip
4882781,Reptile Pooper Scooper
3734966,Generic Fish Tank Lid Hinge
5776306,Magnetic Coffin Hide for Jumping Sider
5687683,Wall mount chicken feed bowl
5632747,Arcadia ProT5 Light Stand
5249470,Chicken Feeder
4539727,spill free chicken feeder
4940791,Red Sea Max Nano - Small Baffle
4737488,Zoomed Terrarium Lock Rod
5260134,Petlibro Automatic Pet Cat Dog Feeder Large Triple Bowl
5165950,Plecos/Shrimps hiding tube
5733111,Flexi Classic Poop Bag Holder
4641140,Beehive Beetle Trap
4968449,dog slow feeder
4950901,90 Degree reptile hide
5449610,Cosma Can Lids Set
5499022,Cat litter box for Ikea Besta
5371161,Cat Toy Trapped Ball
5591983,Reef Delete Easy Arm Holder
4978551,Hamster house with detachable roof
4692819,Hamster Wheel Silent No Supports Easy Print
5225371,Surface skimmer - remixed for improved adjustment and floatation
4870506,Baby Tortoise House Burrow
4431463,Terrarium lamp base
5833016,World's Best Dog (Bone)
5181844,Gate Hinge
5601230,Neat Feeder Cup Insert
5416991,Red Sea Silencer (updated)
4498255,Aquarium HOB filter baffle
4725908,Pet Voyager 200 Cat Carrier Clip
5356393,Reptile Feeder/waterer
5234342,TopFin PF20 Flow Restrictor & Shelf
4646739,Small Animal Dust Bath
5238879,Floating Ring for Growing Riccia Moss
4644688,Pet Food Meal Tracker
5030816,Halterung Pflegeset Aquarium
5429256,Dog bowls
5752052,Litter Scooper XL
5573935,Hygger LED aquarium tank risers or lift
2764800,Cat wand toy
5439099,Floating Troll Coral Frag 
5436430,Anchor Hocking Fish Lid Riser
4708739,Rear Fan Bracket Mod for Biocube 32
4172203,Hamster's Nest of Kirby
5834859,Fish tank Box GetWell
5432549,Aquarium lid hinge for 6mm or 1/4 inch glass
2883489,Beehive super entrance
4801884,turtle shelter
3882110,Ant single test tube holder with lid
4701091,Fluval filter model 4
4942899,Cat Litter Scoop -- Tray
5577223,Ajolote
5178243,Top Fin Retreat Aquarium Glass Lid Clip
5417968,Adapter for Smat Farm G5 and Aqueon 55 gallon rimmed aquarium
4822186,Litter-Robot 3 Button Guard
5321861,Equine Tracheostomy Device
5583779,"Small 3"" adjustable vent hole"
3829854,Large cat food can lid
5656713,Cat Scratcher Low Material
5787666,Hamster Wippe / rodent seesaw
5155751,Coral Frag Board
5453127,Plant Rack + Fish Hide
4823502,Birdhouse on a Rail (with Pond)
4967805,Low Rider Urine Sample Collector
5656008,Gecko Hide
5422860,Trinknapf Hundebox
5460755,Snake house
1366258,Fish Feeder - self-contained eco system
2853265,Fish Tank Led strip base
5339819,Longer version of Remix of Bubble uprise in Bubbles
5733490,API Test Tube Holder - Improved
5880649,Feed Scoop With Ergo Handle 3 Qt. Capacity
4759512,Fluval Flex 9 Gal (34 L) feeding hatch cover
5261606,Aquarium lid hinge
4243620,JBL PROFLORA CO2 Count Safe mounting bracket
5906770,Mini goal ticker
5442118,Aquael Shrimp Set Day and Night aquarium glass cover holder clip
5543935,Surefeed Mat
5165721,Merkel chicken hands
5422476,Test Kit Holder V6 (Aquaponics/Aquarium etc)
5401876,Artemia / Brine shrimp hatchery
5822790,Mangrove Planter
5864569,fluval plant 3.0 light 45mm riser 6mm glass
5899068,duo shroom ledge
5417886,FX6 Hose Support REMIX
1333405,Shock Collar peice
404135,Pet proof door latch add-on
1346939,1-ZollStopfen
3842012,tabcat loc8tor collar tag holder
3843817,Cat Cone Clip (AKA POOD Clip)
3871098,Pinpoint PH Monitor Holder
3802780,Dog bag poop holder lid with loop
3804568,Glass table protector/bumper
3754511,Protective screen for residential unit
3833821,Ant Feeding table for test tube for 16mm tube
3568874,"Magnetic ""Lock"" for ZooMed Vivariums"
3928963,Clamp for Radion LED XR30 Diffuser
3929968,Fishbowl magnetic cleaner
3188905,Art
3401396,Mice Maze
3439052,Base for Avast Marine K1 Kalk Stirrer
2781956,Dog Leash Hook
2800313,Handle for Marchioro cat transport case 
2804364,Feeding ring for aquariums.
2805330,Cat food lid (Mjau Tetra)
3356992,Food/Water Dish Holder
3362418,Hinges for Savic Pet Caddy 
3388794,coralife light foot
3249356,Cat Queen's Dish Riser
3249755,Water thing....
3325123,Alternative top of the guinea pig house + screw hole plugs
3333711,Corner Aquarium Ornament (Hiding Place)
3343901,BirdBox
4091086,Thai waterbuffalo 9 pcs tiny dog size
4071987,CO2-Reaktor
4076058,Recordable button mounting clip
3857002,Comedero v1
4010254,Conversion Kit Chihiros A901 for Juwel Rio 180
3958577,Winston's Food Bowl - Version 2.0
3959001,pasture gate protective cap
3980185,Dennerle Bio CO2 Holder
4065831,cat poop litter funnel
4052815,Fish Food Holder
4053612,Cat/Pet Feeder
3081081,[Remix] Extension for dog leash 'Flexi'
3095667,battery case for 12 volt aquarium backup power supply
3089452,Seed Grower and Tool Holder for Rs-580 Ab Aquarium
2824159,Kitty LItter Locker bag slitter
2824899,Winston Lithophane
2806436,I Love My Dog
2812215,GHL Optical Level Sensor Fastener
2813258,Sodastream CO2 bottle support
2838237,Car dog bowl
2831327,Crea pasticche per gatti
2895764,Reptile Cage 
2915742,Napf Armeisen v2
2916131,Head Stone for small pet
2887047,Bifold door catproofer
2911183,Cavoletti
2914495, Ant Napf V1
2890563,Lory Bird house
2863348,suction cleaning holder 
2989828,Mistking nozzle holder
2966041,Soporte para la casa del chihuahua impreso en 3d
2994485,Dogs Ate Sign
3161268,water pet bowl for automatic refil
3162362,Arthritus Assist Dog Leash Extension
3153769,solo cup holder for cat
3138538,Bubble Blaster 3000 Skimmer Adapter For SRO XP 3000
2070359,Cueva para tortugas - Turtles cave
2267168,Oceanic BioCube 8 replacement hinge pin
2285483,Carton box venting
2201495,cat bowl
2225385,fix for body self service pet food
2439690,Puppy-Glo
3327815,Fish Feed Ring 10 x 2mm magnet
4252232,ATO Float Switch Holders
4255001,Spaghetti Jar Chicken Water Dish
4165152,Flexi_Leash_Box_with_Hole
4251160,Cat Food Cutter (6ths)
4246221,Pet Bowl
4242567,formicarium lid
4215023,Fish food Spoon
4240224,Pet bucket wheel bearing adapter
4247492,Seneye Holder No Clip
4232531,Shrimp Hatchery Egg Scoop
4233935,Doggo Boop Alert
4235203,Furminator type brush cage or wall mount
4326121,3D Printed Egg Incubator Replacement Divider (for MagicFly Incubator)
4314417,Cat Fishing
4212853,FuzNuz Equine Incisor Speculum (Design)
4219307,2- Way 6mm Air Line Connector 
4187467,Tiger Tank for Cats
4188625,Col de protection anti mutilation perroquet
4151682,Socle Gamelle Chat
4153773,bird feeders
4141683,Air Stone - 75mm
4080227,Autoaqua Smart ATO Tank Edge Bracket Holder
1536401,Cerdito
1504587,Conejo de Pascua
1202692,Lock for dog collars
4750128,Hamster water bottle holder
4752404,Heli Max 2.0 5W UV-C cleaner stand
4764879,Waterbox AIO 50.3 sump covers
4763577,Birdfeeder
4661310,Cat Carrier (simple)
4661365,PetSafe Healthy Pet Simply Feed conveyor belt trimming jig
4755628,Training collar (shock) button guard
4758705,TC-421 LED dimmer terminals block cover
4624657,Replacement Part for API Test Kit Tube Drying Post
4627214,Bird feeder - Madáretető
4628004,Heu Traufe / Futterhalter / Futterspender Hasen
4621606,Window for mouse trap (for CNC)
4615560,Trixie Dogbox Locking Clip
4616057,DirtDiggler2823
4616373,PetSafe automatic feeder splitter remix
4619157,Egg half
4613075,slow eat bowl + bowl holder (diam 15cm)
4938476,Clip deflecteur neon terrarium
4939250,Hose Clip for Pupkus Force 2 Dryer
4939822,Bac fond de cage Canari
5027820,Lab Leash Holder with storage
5029486,Terrarium Dart Frog door knob
5029489,cricket feeder
5009740,Aquarium rim tray clip
4974861,Cat food stand 
4974947,hamster wheel
4975186,Futterbeutelständer
5021543,Rabbit Water Bottle Wall Mount 
5022187,Litter-Robot 3 Power Plug Extension Mount/Holder
5023243,Roof Brace for Feral Cat Shelter
4979514,vetsulin U40 1/2cc pet insulin organizer
4941536,staffe per isola galleggiante tartarughe
4943312,Cat Toy for straws
4944215,Connector (Steam) Wax Melter - Beewax
4945600,Aqua Medic Blenny Qube / Cube 76L filter inlet cover / Einlass Blende
4947307,Simple Bunny (Lying)
4947744,cat kennel pin
4925753,Cat Toy (for bell insert)
4931289,Magic piece pet cage buckle
4931895,PETSAFE SmartDoor hinge
4933048,Cup holder for Milky Cups
4961884,Large poop bag holder
4962291,comedero
4962643,5mm Fish tank corner support
4894227,Pet Gate Ramp & Stop
4914395,Log-style beetle food stand
4963466,Optimized Media Pocket for Hangon Filter - Maximizes media capacity and waterflow.
4922508,Chicken nipple guard / clamp
4922534,Automatic Pet Feeder Dual Dish Mod
4920126,Tube holder for ants
4911181,Manual Pet-Corp access control knob
4743906,"3 oz Cat Food Can Lid - Blue Wilderness, Friskies, etc."
4744062,Cat Bowl
4744742,Cat Plate
4794181,mangeoire oiseaux
4794239,aquarium fan(cooler) holder (suporte para ventoinha de aquário)
4796683,Evil schipperke
4549226,Bird Egg Feeder for Cages
4549778,Float Switch Standoff 1.25 Inch 
4570515,The Utimate Litter Scoop (Remix)
4571805,Clearwater CW-300 Algae Turf Scrubber (ATS) Light Guard
4554120,Aquael Fan-2 aquarium filter mod
4554383,Xiaomi Motion Controller Angle Restricter
4554466,Cockatiel Bird Memorial Stone Grave Marker
4557342,Beetle jelly holder
4493453,laser pointer cat toy
4497530,Fish maze
4492073,Catfood helper
4412812,Clippable Holder for Savic Cages
4524346,gamelle pour chat cat bowl
4525295,Napfdeckel (Feeding Bowl Cap)
4490290,Dog Nail Grinder - Dremel 4000 Attachment with Multi Chuck
4655077,Cat Toy Fidget Spinner
4657564,Chicken Feeder V1
4657748,50mm pet bottle bird feeder
4663019,water holder for bird
4650572,My cute puppy Ttotto's feed toy
4651301,AutoFeeder food funnel for Eheim AquaPro 126 cover
4667618,birdfeeder 2.0
4668249,Buddy Bowl
4668337,FLUVAL Edge Filter Cover Holder
4666646,Light Riser Stands for Finnex 24/7 Aquarium Light
4666896,Biorb lid for large light
4667288,Carbon cabin for Rs-602 Aquarium filter
4679151,Super snug airline / ro / ato / doser holder clips for aqueon tanks
5031557,Protesis pata perro amortiguada articulada
5059696,Toy for bird - chain
5168715,Cat Bowl
4891718,mousetrap
4892280,dog lead holder
4892645,Shrimp protection for aquarium filter
4895287,Petlibro PLAF004 Automatic Feeder Dish Adapter
4895603,Cat Barricade
4895756,Bird Cage Pi Zero Case
4872914,Animal oral tube (E.T.)
4877132,Fluval Evo Feeding Grid
4858701,Bearing 1
4898114,Dog Kennel Latch Cover
5222828,Simple filter for small pump
5223424,Cat Fed Indicator
5210498,Wall mounted dog leash and poop bag holder
5211585,Poop Bag Holder for cage grid
5212411,Dog Wardrobe
5212803,Bubbler for etching tank (Remix)
5208835,Bait add-on 4 snap traps
5196837,Rat Litter Box with fun details
5165609,Bird Feeder No Grate For Large Bird Seed & Nuts
5225163,Ninja Lock - Child Door Lock with space for Cat
5225581,RedSea RSK-300 Recirculation Cap
5225886,Dog Water Bowl Insert
5199608,Simple Cat Food Lid
4586804,Mesh cover for dog wound 2
4576520,Spatel
4576586,AkvaStabil Lumax mounting clip for Effect-line
4590931,Juwel Lido CO2 Diffusor Bracket
4591603,insect drinking pond   поилка для насекомых
4025140,Aquael FAN-1 (TOP)
4044973,Owerflow for aquarium 6mm
4049470,dogs and cats bowl
4043704,Dog Bowl
5268504,hollow food ball toy
5279667,Airtag cat collar remix
5262673,Finger Brush (Small)
5273531,"Slow feeder for small animals (cats, etc)"
5309828,Pet Tunnel clamp
5275767,Bottle holder for rabbit cage
5235645,No Spill Bowl (for small animals)
5236485,Hinged Box for Artemia Salina Brine Shrimp
5422738,Safety 1st Kindergitter / Treppenschutzgitter Verlängerung - Katzentür
5483744,Flexi dog leash waste bag box with treat box
5498520,Salifert Phosphate Test Storage Box 
5205374,AquaClear Pre-filter Sponge Adapter
5324197,Baby Gate Pet Door Stop
5324394,Luftheber / Wasserpumpe / Skimmer / Airlift 
5324544,Küken feeder 
5324547,Küken Feeder hoch
5330343,Powerhead Venturi Adapter
5330522,Alien fish hide
5332172,hamster cage name tag
5333259,Dog Food Scoop
5333712,Bowl For Cat Gravity Feeder
5325648,Stand for hardscape in dirted/walstad aquarium
5328263,pill pocket maker
5353311,Clearwater Algae Scrubber Clips
5321106,Cat Food Lid
5265659,Dog ACTIVITY
4644991,Simple Bird Seed Bowl 
4564603,Aqueon LED MiniBow Aquarium Divider Gap Insert
4565530,Dog Treat Waste Holder
4634390,6” Cat door
4634503,rimless fish tank lid
4633406,awkward bird
4646406,Jelly Holder Rock
4631134,Large Running Disc Cage Bracket
4647740,DS18B20 Aquarium Bracket
4647931,Fishtower
4645494,Poignée de litière (Leo)
5509787,Cat Feeder
5473352,Cat Pilling Aid
5471047,Cat sand cleaning tool
5570299,Cat Scratcher pad holder
5617529,Square Bead for Pet Cage (larger hole)
5609743,Elizabethan Collars for cats
5622337,Bunny water holder
5627364,dog/cat feeder
5628205,Jebao SW-4/8 Controller Holder
5563966,Straight Diffuser Hose Hook
5592540,Splash Guard for slobbering Pets
5608801,Deckel für 400g Dosen - Katzenfutter
5373777,Tidal 35 Cover Case mod
5374358,cat food lid / Katzenfutterdeckel
5376032,Dog lead hanger
4902969,Frozen Fish Food Chopper
4905206,Invisible Fence Pet Safe Collar Bracket
4824190,Bowl Wall
4919083,aquamaxx skimmer solid O-ring
4627088,Water flow reducing nozzle for UV-sterilizer SunSun JUP-01
4939417,cat toy
3868824,Oceanic BioCube Switch Bracket
4831691,Corner rat house
1558875,Scratching post cover
4912956,Nano Rimless Tank ATO Bracket
5555744,Wavemaker Guard/Anemone Guard for Vesta Wave Slim and other small wavemakers
5632768,Articulating 40x10mm Through Glass Fan Mount for Vivarium/Terrarium
4269669,"Tuyau de distribution de nourriture pour poisson, aquarium juwel"
4642725,Chicken feeder Pvc pipe
5195564,BioCube 16 Water Diffuser
5100358,aquarium lamp e14 LED
4633947,Cat Food Divider - 3rds
5439180,Endura Flap Retainer Clips for Endura Flap Pet Door for Doors Single Large Flap
4884583,Ice Cap K1-50 skimmer mount for 10mm glass (like the Red Sea MAX E170 AIO)
2791958,Chicken feeder
2725187,Chicken feeder cup
4567859,Chicken and quail feeder
5398164,Waterbox Mini Penisula 25 Loc-Line
3315496,Hamster Cage Clip - 8.7cm long
4513959,Han Solo Leash Hook
5374074,hanging waterfall
3092072,NanoAquarium
5524713,Cricket Shaker
4652504,Cats Toys
4893309,Finnex Stingray Riser Mount for Rimless Tanks
4552975,Dog food scoop
4732896,Cat Litter Shovel - no support needed
5781315,RC Cirrus Glider (PROJECT)
4078156,Poo Bag Container
5831476,Wyze Camera Aquarium Mount
5693876,Aquarium Light Rack
5231992,Petkit feeder cat activity fun board
5613417,Dog Tag
4208966,Cat Collar Trackr Pixel Case
5491820,Expert Puzzle For Rats
5360952,Chicken Brooder Heater Hooks for panel heater
4872535,Rat Platform for Critter Nation
5494567,Chihiros RGB A601 Plus Bracket
5405912,Aquarium Hook
4836036,Breeding/Sick Tank Holder - Aquariam
4080536,10 gallon tank lid
5423436,Fluval FX6 Spray Bar
5432617,Chick toe straightener
5557776,SureFeed Lid for half bowl
5419600,dennerle nano cube 10l cover 
5772810,bird cage botton
4979354,nesting box 
3050756,Modular Ant Platform - 30mm Base Stand
5845867,Cat food can lid (for bad cats)
4202113,Dog Bone (Straight edges)
5521235,Eheim reeflexUV bracket
5645148,Pangea Magnetic Gecko Ledge Bowl Adapter
5354537,Numbered Dog Tags
5453888,Ant Feeder Factory
5157623,Tilted Windows Cat Protection
5582823,Minimalist API Test Tube Holder
4875463,Zander Rahmenhalter
5455621,Hygger Mini Wave Maker Anemone Cover
5550350,Tortoise Feeding dish 
4307470,Slide aquarium tank lid
5397177,Fixed floating aquarium ring feeder - Anillo alimentación acuario fijo y flotante
5445731,Spraybar Juwel bioflow
5178152,"4"" Aquarium Media Cup & Holder"
5794757,fins for Sophia
5418356,Aquarium Skimmer
5487483,Under the rim cable clip for AI Nero 3 and 40 gallon breeder tank
4139552,Extruded Aluminum Top/Bottom Brackets for Aquarium LED Lighting
3238537,Bifold Closet Door Lock
4244604,Fish box 4 slots
5267232,Collar AirTag Holder
5467970,Dog bag dispenser
5524680,Cat food Bowl 
5338901,Aquarium pump screen
4983391,Cheap diy Co2 diffuser (replaceable)
4241380,Cat Dog Carrier replacement clip (Chiusura Trasportino)
2574510,Cat Toy Holder / Mount
5752227,Dog Leash Holder 
5885445,Portaperch standing bird perch
5787114,Rabbit / guinea pig water bottle holder
5385573,Dog poop bag container
5595982,Cat Plant Deterrent Spikes
5388630,AI Prime fish tank M5 UV light bracket
4412326,Cat's food case
4633733,ANAL SACHA BARON COHEN
5619837,acrylic ant formicarium inspired by AC Omni Nest (small)
4665727,Fluval Evo 13.5 Light Vent
5747562,Hamster Haus / Housing
4199168,BRS Mini Reactor T Slot Mount
4848201,Starfish Scraper
4848148,Protein Skimmer Siphon
5582241,Plug holder for transport
4294747,Aquarium Lid Support
5753107,range ligne 
5146835,Adjustable Vivarium Vent
5139382,Pisa Fish Sanctuary
5414989,Fence connector
5344346,Ant feeder & drinker pedestal
5421282,Cat Carrier Box Clip Lock Screw Katzenbox Verschluss
3345599,Cat
5859894,Dog fence feet
5602117,Juwel Smartfeed Spirale
5870763,Litter Genie Square to Round Refill Adapter
4659522,(3D Slash) Water_bowl_feeder_PRUDOM_V2
5602985,"Dog Tag ""REX"""
5475464,Pleco Caves
4585966,Beta Tank Divider
5787486,Regalo Baby Gate Latch
3876381,Cap for cat food tin
5766796,Voronoi Grid for pets
5467039,Baby Sulcata Tortoise Igloo Shelter
4765048,95g CO2 Cartridge Stand
4970185,Betta Log
4847936,5ml Test Tube Rack
5696348,TMC Roller filter automation
5865481,Poop Bag Clip
5868324,Ant Farm X1
4794863,Catfeeder
5849755,Aquarium pipe clip for water change
5502262,Jecod SLW-5 Fish Guard
5451115,HoneyGuaridan Cat Feeder three way splitter
5327321,Humane Mouse Trap (remix)
5902022,medium outworld for ant farm
5907901,Chicken Bowl
5244249,EggCrate 4x4
5343052,Reptile Enclosure Vent Cover
5236603,Alpine Beehive Frame Spacer
4882541,cam articulated arm holder
5846745,Chick waterer
5823247,slow feed dog bowl
5109693,Lily Pipe Bracket
5756525,Bird feeder
5905140,Spider Hide with 10x3mm Magnet
4970909,Hamster cage clip easy print
5907980,Bath sand cleaner for dwarf hamsters
5451324,Biocube 16 Heater Bracket (with temperature sensor)
5349728,Water bowl for goslings or ducklings
5401735,tek ordek ayagı protes hasan kızıl için
5426070,Ersatz-Vernebler kompatibel zu Flexineb
4641710,Tag Case for PortionPro Rx
221084,comedero pájaros
219088,Queen Dizzy's Castle Fix
113671,Feline Access Bracket
200796,Holder for Pet Stop rechargeable collar parts
190866,Fish
191411,Replacement for Chicken Water Stand
180984,Work in progress
289173,aquarium filter frame
621719,Rat Chow Feeder Cover
340643,Dog Tie Out
45111,Table leg clamp
502441,Loftmon Creature
864451,Lillie
1330302,Porte-Biscuit Pour Oiseau
1049572,Cat litter box clip
1133775,Portion Divider for PetMate Portion Control Feeder
1275184,IRIS pet pen wall mount
3875006,Tall / standing cat food bowl
2501460,Cat and Dog Food Divider for 800g Tin Cans
2655435,IKEA Korken terarium/aquarium light bulb Holder 
2719838,DogTreatStation (Hundeleckerlistation)
2775520,IKEA IVAR cat terrace 20x20cm
2577755,Pet Bed 3
2669909,Thermos Control Pro 2 Wall Mount
3449652,Replacement cap for drillbit box - Ersatzdeckel für Bohrer in Runddose
3429833,Old flat top
3221554,Cage Feeder Mounting ring
3290639,Automatic Sprayer Stand
3424967,Fancy Feast Lid + Brim
3405578,Odie Dog Bone cookie Cutter 
3436107,Deflector for bird feeder
3055773,Camel - ...Bahrain always winns
3041114,Cats_toy
3049434, Modular formarium
3056801,Cat Food Bowl and Mount
3368430,60 cm Aquarium lamp
3360851,Embudo para comedero pajaro. funnel feeder bird
3397241,Fluval light PL to e14
3399109,aquarium soil cleaner
3390423,Small Doggie Bootie Dryer
3392628,Fluval Vicenza 180 Lucky Bamboo/Plant Holder
3376488,Jebao DCP-3000 venturi nozzle
3387631,Hamster Home
3251649,Dog Anti-Flea tracker/holder
3241868,Bunny Cage Lock 
3332155,Fancy Feeder Small Bracket V2 
3332164,New Fancy Feeder Big Bracket V2
3332196,Fancy Feeder Various Magnet Caps
3604431,CatFeeder-Slot::Inner Case
3604434,CatFeeder-Slot::Separator Battery PINS
3238971,cats litterbox clip
3190177,container for bags for dog droppings
3254693,Bracket 66mm for dosing pump for fish tank 
3695587,Lazy little Cat - Feeder
3710465,Cat Biscuit Feeder
3730767,mangeoire oiseaux
3737007,"4""Square Frag Plug"
3609797,Dog Crate Nut
3636003,Pawtero Tag
1430396,Food Container 
1114027,Pepper's Food Bowl
1656110,JBJ ATO Bracket
1834565,Dog Toy Mug
943758,Voederschema Goudvissen
4022873,Halfter-Halter
4074102,Sun sun filter nozzle
4095517,spray bar for BOYU nano aquarium
4096121,HAT POLE
4050712,Cat bandanna
4087355,Finch Nest
4087911,Dragon
3753466,Pet Bowl Holder - Dual 125mm
3759513,Current USA - Satellite Pro + Controller Angle Mount + Controller Caddy
3816450,Sinkor kryt
2301073,Corner Piece for Reptarium
2335654,Cage Water Bottle holder for 2.5 inch bottles
2339483,Arduino Fish Feeder 
2265863,CO2 bubble holder
2017034,Drip tray with holder and splashback for watering system
2005389,Toilet Roll Guard from Cats
2385663,Dog Tag
1844082,Fish Food Holder
3325882,Fancy Feeder V1
3561892,fluval 303 media baskets
3542066,Scoop or container for cat food
3296652,Dog Bowl
3303492,drinking cup holder for hamster / guinea pig
3516407,PetSafe SSSCat support
3472109,Bath Toy
3495600,Hanza HJ-922 aquarium filter repair kit set for broken lock
3468632,Bath Toy  
3505794,Cat Feeding Platform - Part 2 revised
2650985,Feeder with Lid
2728285,Черепаха-turtle
2472039,fish tank filter pipe work cover 
2596190,Dog Litterbag Door Hanger
2976038,Tidy Cats Bin Latch
2961125, Drinkwell platinum pet fountian adapter 
2984255,Simple funnel 4*3*2
2987288,Bird feeder for small birds
2955439,Dog Door Screen Door Seal Brackets
2959258,Bird Table
4242924,formicarium label
4192382,Swisspet dog food bag belt clip
4216720,Doggy Door Catch
4238367,Dog food bin security
4247384,EHEIM 4W Filter Pump mount bracket and holder for standard 4mm glass aquarium
4349822,Door for cat and dog - Puerta para gato y perro
4340035,Dog leash clip
4322411,Cat Fuel Lid
4356393,Beamsword DA FSPEC Light Riser
4356840,"Cat food separator 3"" Can of Cat food. (5 Ways) "
4319159,Dog Leash Wall Mount
4317888,Theiling Rollermat V2 drive gear
4342704,Soporte tapas acuario Sirocco
4344858,Aquarium Light 4 x T5
4326509,PetSafe Pet Feeder Paw Block
4313447,Insect-A-Way Insect Live Saver
4315103,Aquarium Light Mount
4194757,Alimentador Reptil Bebé Baby Lizard Feeder
4210807,Toothbrush set for dogs
4113380,Eheim 400 air pump arm support
4207565,Napajecka pro hlodavce
4227836,formicarium simple corner for transparent arena
4160546,Cage Mounted Birdbath
4171024,Lint roller
4187900,Lizard Food Dish
4152290,What the DUCK is going on ?
4153234,ants feeding plate
4168483,JUWEL T5 Clip 94030
4168722,Simple Bubble filter
4065159,DC MOTOR VENTILATION
4624170,Fish Food Funnel
4626472,Pelle à lietière 
4622747,	Self Service Pet Food - Mental Activation Game 
4616773,Chinese Bubble Counter Holder V2
4617301,"Insert for Cat ""playtower"""
4617521,Prototype filtre aquarium
4617633,Fluval Spec V Media Rack
4617869,Pet Gear Crate Clip Replacement 
4620781,"Filter replacement Ebi Cascade, 1.5 l"
4619278,Tile Holder for Dog Collar
4633546,Bruteierteiler - Hatching egg divider
4639560,CAT Transfer Portal
4639742,Zoozone Clip
4635039,Stackable Test Tube Holder
4636413,Dennerle Bio CO2 Holder
4628447,Aquarium Test Kit Test-Tube holder
4508217,Marina Slim Filter flow regulator cap
4506531,Cap hide for ant Queen tube. Tapa reinas para tubo de ensayo cría de hormiga reina
4502958,Aviary Cover
4587524,Petsafe Automatic Feeder (Non-Wifi) Agitator 
4868377,Horizontal test tube holder 25mm
4889628,Fish Follies - Chainmail One?
4915519,Lamp Hang For 160mm Alu Profile Power Led
4887626,Fluval Evo Feeder hole fan
4887985,API Water Test Kit Stand
4888150,Modkat scoop hook/hanger/mount for m3/command strip tape
4907183,Bebedero de hormigas/Ant drinker
4918029,Marineland Aquarium Light Holder
4770141,Auto Pet Feeder repair part
4770438,feeding dish with mounting
4934358,Desk Clamp Collection
4935032,Multiple Pet Bowl - 5 positions
4935235,Pet enclosure fence extender
4936349,Aquarium Cover 1 gallon square
4936365, Modular Ant Formicarium (Twist Connector Variant)
4937042,Viparspectra LED holder
4937518,Hamster Castle
4939829,Bac a graine pour calopsy
5025617,Lomas Fishtank Nano Reef Cover
5028542,Cat litter scoop
4972800,Petit mangeoire canari
4973797,Fish Up Cat Food Can Lid 66mm
5023357,pie periquito libre con comedero
5023564,Bunny water bottle mount
5023693,conector tubos para hormigas
4979267,wasps and hornets trap
4958039,Dug Collar
4958049,Dog Door Hardware
4941062,Kitty Cat Automatic Waterer
4941837,Aquarium Tool Holder Clip
4941851,Pet Feeder
4946995,Chicken feed tray
4947824,SIMANGJÄ - Dog food pantry for  IKEA containers
4949512,Dog comb handle.
4926239,Snodable Caterpillar
4926243,Extension for internal overflow box
4926426,Cup for Bee feeding
4928752,Ant Nest (No hole need! V2)
4929895,Vivarium removable ventilation
4930520,tray for cat litter box hand brush
4529023,Dog Crate Doorstop
4568087,Lixit compatible bracket & clamps
4569572,sieve shovel for pets
4569749,Whip holder 
4561192,Hamster running wheel v2
4534491,D&D Kenny (Europet) Scratchboard Wallmount
4544867,Pet bag dispenser
4545201,Dog Waste Bag Holder - Wall Mount
4547817,Vogelfutterflasche / Bird feeder
4574681,Dog Tag Mold
4553171,Silent Spinner mount
4554143,red cat (3D scan)
4554504,Critter Ladder
4556118,Vodafone curve holder
4577118,Mesh cover for dog wound 1
4578882,Llewellin Setter
4788513,Puppy Food Funnel
4788518,Feeding Top fishtank
4789203,Futterschale mit Einsatz
4864108,Mexican Jumping Beans - Watering/Storage Solution
4855901,Little Friends Landmark Animal Cage Replacement Hamster Wheel Spindle
4845325,birds feeder
4845784,Herpstat 1/2 SpyderWeb Hanging Bracket
4754553,hatching box soil base remix for live bearing fish
4829653,Aiptasia-X
5161091,Bird hobble
5161163,cat ring with bumps
5182713,Cat Feeder
5155157,bird feeder tray for cage
5157884,Hamster Laufrad mit Gleitlager 
5193305,Fish feeder for nema 17 stepper motors
5209704,Pet Cage Lid Holder
5214324,Klir Di-4 Adapter Plate Red Sea Reefer 250 V3 Sump
5214895,Feeder saver for Ferplast Brava 6 birdfeeder
5216790,ant barrier for pet food bowl
5217083,Juwel RIO 450 Blanking Plate
5217642,cat can holder
5217768,Perfecto Canopy Clip 
5218373,Mount for Raspberry Pi Zero and PCA9685 (arduino) to fit MakersLED Slim Heatsink
5244022,Custom Pet Food Cup
5245946,Toca Peixe
5246498,Door stopper 
5249504,Bird Feeder
5230174,Bird bath
5200091,Kaytee Silent Spinner Cage Offset with rings and bigger bolt
5200163,Poop Bag Holder no leash channel remix
5203468,Animo Collar Band Size 3
5204691,Hamster wheel holder
5236419,Hinged Box for Artemia Salina Brine Shrimp 
5236993,Pince de nourrissage pour caméléon - Feeding clip for chamelon
5237247,Buho
5239793,Bone Dog Cat Pets
5241881,Dog Door Bell Holder
4783643,BOX CAT
4784355,Hamsterwheel for Testing
4775342,Cat treat dispenser
5171200,Dog collar tracker backplate
5172325,Scheibe Haken Einleger
5173389,Befestigungsplatte Bambusrohr 
5173398,Haken / Hook Terrarium
5089972,"Aquarium 3½"" Pre Filter Bubble Guard"
5058272,Ella The Great Dane
5142228,TPU Fitting for co2 Cap
4891845,MiniBow/BettaBow 2.5 40mm Evaporative Cooler
4891952,échelle
4837425,Leash Keeper
4837800,Dog Bag Roll Holder V1.0
4877084,Waeschestaender Gelaender
4867347,Single Dosing Line Holder
4857452,Bac a patée pour calopsite
4858629,Dogauto3000
4877493,Hornwort Holder
5222768,Dog Bag Holder Remix
5222963,Cat tags
5220227,1/8th cup Dog Food Scoop
5220589,Fish feeder stand
5206506,Cover for the Smart Bell 2.0 by Mighty Paw
5164774,Сhristmas tree holder
5191286,Zoonosis Mouse
5224046,Trixie Ground Anchor Case
5226750,MakersLED Slim Heatsink - End Plates for Aqua One tank
5227733,Cat Computer Discourager
5228935,Ant Drinker
5229217,I've Been Fed Coin
5229359,CatMate Elite to classic tunnel
5229514,One Fast Cat wheel foot
4737208,Support CO2 Dennerle / Culligan
4729223,Embout incliné pour pompe aquarium
4778968,Cat feeder
4738571,drinker lid
4738948,Clip for Cat toilet - Katzenklo
4739457,Rossmont Waver Holder
4741041,bone hook clip
4780462,Waste bag Ring for Dog Pooper Scooper
4781063,Cave for snails (Berghia stephanieae)
4781907,aqua fish food container
4782222,Aquarium Venturi Nozzles
4723400,Aquarium cleaner water splitter
4724905,3D Printing finger dish for parrot :D
5327581,Turtle basking dock float clip
5328892,Reef Breeders Bot V2 cable holder
5329124,ATI KH Test Storage
5324428,Warner Ant Tower
5324537,Kueken Traenke - chick water station
5324550,Tränke hoch
5324781,Kid door lock
5394668,wierd snake thingy
5395286,single dossing pipe holder
5395732,Grip Extension for Omlet Walk In Run Lock (Griff Verlängerung für Schloss an Omlet Voliere)
5398751,Holder for two pet's bowls LURVIG (Ikea)
5398925,Savic bird cage feeder locker
5270025,Feet for Omlet Eglu go up
5318224,Im a RAT owner
5453041,Gate hook
5453526,держатель липкого рулона 
5453598,Shedder Sucker Vacuum Attachment
5447275,Cesar Dog Food Lid for small white containers
5447530,Customizable hamster wheel
5443696,"RedSea Nano Max Tube Holder - 1/2"" Inside Diameter 5/8"" Outside Diameter"
5438828,Elevated cat nap holder
5439607,Red Sea Reefer 250 Vortex killer
5455401,milk bottle hanger
5180069,Aquarium Auto Feeder Shroud
5180144,Dennerle Nano Style LED L lampshade
5180785,KittySpring Bottle Holder
5205708,bowl
5173789,Marineland Biowheell Fix
5176041,easily replaceable fluval FX output
5177266,PUERTA RATON RODAPIE
5177328,Bird Cage Perch
5178521,Loricariidae_lair
5179222,Tidal75 skimmer cage
5461237,Test Tube Founding Nest v2
5364663,Fan shroud with filter chamber
5368236,Pant clip for dog trait bag
5343176,Trinknapf_Hundepfote
5585405,4mm silicone fitting splitter
5581969,Dog poobag holder
5581978,PetKit Pura Max Pedestal
5582435,Bird feeder for Volvic bottles / Mangeoire oiseaux sur bouteille volvic
5601293,AI Prime Arm Clamp Nut
5491652,Refugium
5547160,Hamster wheel
5547339,fish house
5566977,Disposable Reef Socks
5431488,Walking stick (insect) egg hatchery
5432534,Small Animals / Gerbils Sand Filter System
5432624,PetSafe Food dispenser battery cover
5433510,Surefeed: Holder for alloy bowl catfood 
5434304,Gerbil Sand Unshitter
5434748,Feeder for the Montana Paradiso birdcage
5435746,Hundefutter Deckel
5435761,AQUEL aquarium adapter for JBL feeder
5436513,Red Sea Max 130 Filter Media basket
5437025,Plato Gota Hormigas 10mm
5592961,Cat toy
5593865,Native Australian Bee hive Entry cover
5601661,Small Critter Litter Box - no hooks
5569167,Portable dog bowl stand
4706364,Add on for Dog Poop Bags Dispenser with Flashlight 
4707131,Dog Tag Prase
5645155,ReptiZoo Feeding Ledge Adapter
5647732,Hamster tunnel Stopper Plug
5653268,Cat Cage Handle
5654348,6 Magnet Poo bag
5654627,Soporte tubos 16mm (hormigueros tipo bambú)
5654646,Tapas tubos 16mm
5628640,Aquaclear 50 Pre-filter Adapter
5629020,Alcatel Movetrack GPS Tracker V-Bag Holder
5642974,Anti marten set for electric fence
5664886,MimSafe Variocage hanger
5664889,MimSafe Variocage hanger
5612916,Small Critter Litter Box - Hex Grill
5614484,Tiny food dish
5641484,"locking mechanism for a shutter / Einrastmechanismus für eine Tür (Falltür, Schiebetür) - rabbits, chicken, barn, Hühner, Kaninchen, Stall"
5674891,Tube with side holes for aquarium fish
5675144,Aquarum Floating feeder cone
5610661,Beehive crownboard Feeder hole cover
5610743,Beehive crownboard feeder cover
5636627,broiler feeder
4520390,Rodent bottle holder - Classic Large
5357398,cat skyscratcher
5358347,Shrimp safe Eheim skim 350
5358852,Aquarium Water Change - Diaphragm Pump Holder
5358861,Aquarium Feeding Porthole and Cup - deeper
5408923,automatic animal feeder with motion detection
5409599,"Насадка ""дождик"" для аквариумного фильтра barbus 012"
5421411,Wild cat
5421672,birdhouse
5422073,Pet Zeus
5420486,Pet bowl
5420873,Millet clip
5428583,Aquarium Filter small aquarium
5428838,Pet accidental release seatbelt buckle protector
5422503,ScheCap - Schesir can fridge Cap
5422751,Litter Shute
5481015,Trapped Ball Cat Toy
5482720,Base for Noodoky USB Charging Automatic Fish Feeder and others
5488075,Splitter for PetSafe automatic feeder
5542054,Simple Birdhouse 1/3 size 26g 3:45hr
5551161,Bench slider lock Trixie/Gulliver/Stefanplast replacement
5523062,Sandbath for Degu
5524603,Tank Stand
5534542,Bird Brain Dird Bish
5357191,Mount for Auto Fish Feeder (Fish Tank)
4911522,H2Pro Heater controller bracket
4912027,DOG KENNEL FAN MOUNTING BRACKET
4932453,Abdeckung Strömungspumpe Aquarium (2 Auslässe) Flow Pump Fish Tank
4932545,Vivarium leg Adjustable height 
5423612,Lifter 1 for aquarium cover
5424450,Pump Tube Holder 
5424733,hamster poop  shovel
5425543,Plastic Clip
5382088,cat food lid  Minki edition / Katzenfutterdeckel Minki
5339888,alien astley
5337531,Apidea queen excluder
4903040,Dog Gate Bracket
4903381,Petmate Kennel Cab II Latch Cover
4850452,Pillar wall for pet climbing prevention
4851889,Replacement tail for robotic fish cat toy
5680530,Guinea Pig Name Tag Holder
5685109,猫用液状おやつシボラー
5685540,Bird proof your TV
5442480,Another Poo bag
4772439,Cat feeder adapter
5773286,Manual egg turner for Brinsea Mini 2
5775838,Katzenstreuschüppenhalter
5794436,Happy Poo Bag Holder
2684979,Wallmounted Birdplatform
5848256,"House for rats, hamsters and other simular pet"
5812014,Birdcage parakeet platform
4006396,Coraline Protein Skimmer Part 
3534389,Door Buddy Clip
5621813,Cat dry food grinder
5601284,WaterBox 10 Cube Overflow Covers
5408970,Aquarium Cooler Stretched for 30mm Rim on tank
5801697,Cockroach feeding station
5583046,HF Flashlight Ring for pet nail clipping (hands free)
5337606,Meal worm dish
5157803,Songmics Klammer für Freigehege
5864404, Aquael Fan mini upgrade large sponge for shrimp safety
5803183,Nager: Laufrad
5387423,Aquarium r/o fill tube holder for 20mm wide tank lip
5780036,Dog Leash Wall Mount hanger
5612856,Insect feeding dish with ramp 
4769500,Treat Dispenser Toy  big dog version
4575155,Quail Rails
5174158,Dog Poo Bags Roll Carrier
5248172,Biorb Light Ring Extender For Emersed Plants 60ltr
4919126,"Snail Hideaway (Achat, archachatina marginata suturalis/ovum)"
5875846,Aquarium Fish Feeder Ring
5820548,Bird feeder
5764414,Hamster Streu Sieb / Hamster litter sieve 
4549745,Drawer Doggy poop bag holder 
5832233,"Rat cage deck pin (Tommi, Zolux, etc.)"
5867107,Red Mite Blocker (Chicken)
5656812,Deckel für Smoothie Glas zur verwendung als Dosierbehälter
5250727,dog poop bag dispenser
5853482,elevated cat food dish
5435709,Red Sea 130 replacement filter tower
719816,Another bottle holder this time for a big one 55cm
5591280,Round bowl anti ant support
3050897,Modular Ant Platform - 40mm Base Stand
5500732,Dog treat container
5765355,Dog Collar Buckle
5259850,Seachem Bottle Syringe Top
5852322,Kokot: a low energy chicken coop door
5886374,Large Portaperch 
5867880,Beehive Entrance Reducer
5754666,Reusable Biobox Container Set
3920543,Sensor Mount for Hydrofill Titanium ATO
5616727,Red Sea Mesh Cover Mods
4826854,JBJ 65 Gallon AIO Flat Panel Media Basket
5557474,Fluval Flex Deckelhalter 
5629352,Snake housings
4339313,"Katzenklappe Aussenteil 150x160 (catdoor, outer part)"
2769631,Cat Food Can Lid
5832169,auto scooter chip German
4095422,ato mounts
5897963,Fish Filter for the MarineLand Aquarium filter
4908298,"Support for Chihiros Doctor, Commander, >8mm aquarium"
5471711,Pill pouch mold for giving medications to animals
5664221,AQUARIUM PLANTER
5753043,Hamster wheel 220mm
5908518,Cat_food_bag_stand
5881495,Gorilla 
5666367,Stronger improved Dog Poop Bag + Snack Box (Holder) without Clip
3785998,Hamster Wheel
5500718,Dog treat dispenser
4721024,Clownfish Breeding Tank Siphon Attachment
5262691,Massage Brush (Small)
5886182,Chicken waterer (baby chick water)
3965603,Water Feeder Bird
5930896,Codo para tubo flexible 10-12mm
5934629,AutoLaser (Cat Frustrator)
5933243,Formicarium - Tube Expansion
5918707,Cat Corner Rub - 2hr 30g Vase Mode
3468068,Betta feeder
5800734,Aquarium Planter & Shrimp Cave
5806565,Fish Tank Lid Handle
4243635,Bavaria Fluid Systems magnetic valve mounting bracket ( Magnetventil )
4581494,LED strip mount for Fluval Flex 37
5888349,Fish Tank Lid (Connector)
5888344,Fish Tank Lid (Track)
5610315,ReptiPlanet Digital Mist Fogger attachment plate for hose
5862158,Terrarium Stand 
5898198,"Automatic cat litter box ( Famree, Petlux ) "
5435991,Hundefutter Deckel
5936504,Custom Pet Tag V2
5935992,"Cat Tree Pillar Mount, internal nut"
5917041,Dog tag
5935428,Fishmate Stack
5885208,Cat Can Dispenser Wall Mounted
5936472,Tubing Coupler for Tunze Osmolator top-off pump
4596725,"4"" Filter Cup - Shallow"
5509811,AQUAEL VERSAMAX Filter mods (Skimmer + filter floss holder)
5936909,3Dmaps Pond Bio Ball
5865030,Dog Bag Dispenser (Standing + Extension)
5912276,Poop Scoop
5933320,(Pet Enrichment Toy) Turntable Starfish 
4747200,Fish feeder / pet feeder
5896755,Turtle Dock
5914616,Extended Tap for Pet Water Fountain
5936875,aquarium shrimp cave hide simple - no support req'd
5929841,TEXTURED CAT TOY ball in ball with bumps Good for dogs too!!!
5939895,"1 1/2"" Overflow Cap"
5888997,multi shroom ledge
5825035,Fluval Plant 3.0 Power Button Cover
5445589,FX4 or FX6 Nano Filter Intake
4614504,Skimz Quiet Pro Controller Bracket
177011,Auger coupler
307484,Tanner's Skeleton Heart
727139,Doge - From Amezquita
1213789,Parameterized Dog Door Holder Bracket (for Customizer)
1268958,The SmooshyFace Bowl
1763316,Chux Wall Clip
3867139,Top Load Hopper v3
3869515,retromatti.com dog bowl mount for wall mount (twist on dog bowl style)
3861021,Sabunol - collar for dogs against fleas 
3760491,Aquarium reminder
3834320,AquaMedic Evo500 head seawater aquarium / fishtank protein skimmer
3830284,Table Top Parakeet Perch - easy print
3949818,"Tubifex Spender für Aquarium , Tubifex Dispenser"
3346790,pugsby
3217678,Art_Pes
3190082,Ecuelle Tortue
2526527,Niet Vissen bordje
2709976,Cactus Pen
2740777,Fish Feeding Reminder
2764150,GUINEA PIG BOTTLE HOLDER 2 44MM BOTTLE
2588188,Box Bed
2588189,Clam Bed
2589916,2 Towers
2788906,Puppy Gate Hinge
2789593,water holder
2775100,Aquarium LED extender
2577201,Cat Spinner V 2.0
2577751,Pet Beds
2563123,Cat Food Dish
2767901,TileMate Sleeve
3060017,Pet Gate Hole
3386727,cat feeder fix
3319579,Cat Feeder Toy
2958052,Cat feeder parts
4174417,Aquarium clip
4304521,Fish Tank Vaccum Longer Version
4306357,PET-Mousetrap by ripper121 - plug plus (vylepšení víčka)
4350348,Wool brush holder
4354818,Seresto flea coller joiner
4330820,Flexi Dog Waste Bag Attachment
4367950,Nido para Pájaros
4369442,Nicrew Automatic Feeder Reduction Rings
4390152,Kitten/Puppy Nursing Bottle Funnel
4403011,Caddy for Seachem Copper Multi Test
4374190,animal  cage transfer handle
4427369,PIEZA UNION TRANSPORTIN MASCOTAS LIDL (BLOQUEO PARTE SUPERIOR CON INFERIOR)
4360236,Fishfeeder Extention for Superfish Home aquarium V2.0
4439270,"Yes, the DOG'S BEEN FEED! Breakfast In Belly"
1351228,1-ZollGrobfilter
5823489,Hagen Smartsift CATIT - Automatic handle
5824104,Kitty_plag_holder
5813278,Jebao NPU UV Filter Aquarium Mount - Rimmed
5814734,AR-620 Aquarium Outflow
5843056,Dennerle Nano Filter Käfig
5845717,Bird chalk holder
5849634,Bird Auto-Feeder Silo
5793117,Simple dog poop bag holder
5793967,Juwel Rio 125 cover autofeeder opening
5797082,Fluval Flex 15g bracket to hold lid/light while working in the tank.
5674205,Cat food cap
5687728,Aquarium Neo Flow Lily Pipe Holder for Juwel Vision 180
5675659,Catit Feeder Lid
5676203,Zoo Med Thermo/Hygrometer Dual Analog Gauge Magnetic Mount
5671360,Zoe Dog tag
5738949,Trinkbrunnen- Filterspender
5771610,WaterPot
5803311,Fish Tank Shrimp Cube scale able
5804781,Vogelring (Vogelspielzeug)
5804905,Facetted Shovel
5805137,Nestor Jumbo Cat Litter Box replacement hood clip
5805524,Fi version 3 Charger Wall Mount
5807864,Bowl stand for animals
5754649,Paw Door Puller
5785019,Sock dryer for dogs
5783399,Fancy Feast Can Lid
5784199,Longer Ninja Lock
4563049,Grinder hack into fish feeder
4586162,Mouse / Hamster Ladder
4573505,Personalized Bone Shaped Dog Tag
4578160,Penn Palx Cascade impeller grommet
4578387,Birds cage stand
4580440,syringe cover
4016367,Dog Cleanup Bag Holder (HEAVY DUTY)
4017537,Retractable Dog Leash Repair
4013649,Test Tube Rack for Antkeeping
3959040,RoFlexs mobile paddock 3rd wire
3982334,Haustier Türglockenhalter
3993755,Moser Arco head cover
4094146,GHOST POLE
4282739,München Hundesteuermark Geräuschreduzierer // Munich Dog Tax Tag Noise Reducer
4282862,Aquael Hexa set II 60L Aquarium heater stub
4273127,Nozzle for Aquarium UV Sterilizer
4273133,Bettamatic funnel - Beta feeder
4295085,Reefplug
4297045,Limber tie protecting
4299269,20mm x 5mm Cat Hammock Button
4601049,Glaskasten für Igel - Glass box for hedgehogs
4601943,Milk bowl for kittens
5740358,Meshed tube for sponge for Aquael Ultramax 2000
5740597,TABLE FRAG BOX
5744354,Surefeed Microchip Repair Part
5744549,Aquarium filter Air diffuser
5721386,JBL Taifun CountSafe bracket
4597511,Chihiros vivid 2 Power Supply holder
4541312,Cat`s door for WC
4597078,1.5 inch diameter Vivarium Vent
4600992,Cat Bowl Riser
5726637,invisible fence battery hack
5716782,Aquarium Abstandshalter (Fluval Flex 123)
5746167,ET-300 Repair cover
5746311,Dog Training Collar Upgrade for long wool dog
5747013,Ring Neck House
5747550,Pet feeder end Cap
5747598,Pet feeder arduino nano container
5748334,Pet food sectioner
5669288,Aquarium Test Tube Tray
5656506,Gang Valve Holder
5657845,Low Profile Airtag Dog Collar
5680608,C&C Wire Cage Brackets
5682321,Petsafe Cat / Dog Door 79066
5683687,Orbiloc safetylight MOLLE adapter
5639334,CO2 diffuser booster
5694407,Portion Reducer for Automatic Fish Feeder
5694532,Crabby Bridge
5812594,Lid Clip for 10 gal Aquarium
5817657,Love bird box
5820838,exoterra monsoon one lid replacement
5827208,"Rodent feeder / fooddispencer ""Futter-O-Mat"""
5841250,Aquarium Filter Return Flow Control (Tetra)
5841312,Aquarium Filter Return Flow Control (Aqueon QuietFlow Canister Filter)
5849671,Chameleon Feeder Run
5851033,Floating Orb Cat Fountian 
5852427,Kitty Comb
5724913,HoneyGuaridan  Dog/Cat Feeder Impeller
5812194,Modular Dog Toy - Base
5823923,Fish Bucket Tubing Clip
5861678,Baby Gate Adapter for Bottom of Stairs
5861993,Dog box handle
5863828,55C Aquarium Filter Cartridge Substitute
5758943,Dog Print Heart 2 sided
5868565,20G Sump Filter Sock Holder
5867727,Fish Feeding Enclosures Fluval Flex 15
5804526,Fluval LED A14772 Aquarium
5818626,Dog Food Pouch Squeezer
5855814,Dinner Tracker
5866168,water dispenser
5814408,AR-980 Aquarium Light Bracket
5871505,Kitty Liter Scoop for large Pellets
5870416,christmas hamster house
5868604,Bird Perch
5814745,AR-620 Aquarium Light Bracket
5872889,C&C Cage Connector
5874610,Cat Treat Play Toy
4598912,Aqua Medic Qube50 Controller holder
5876849,Dog Food Lid Holder
5785311,"Hood for ""Interpet Kids Glow White and Blue LED Light for Aquarium"""
5877464,Fluval Betta Light Shade
5879256,fish tank
5840320,Aquael Versamax Mini cartridge modification
5830861,medium snake hide
5830852,baby snake hide
5881986,cat toy
5850188,Dosing Bottle Holder - Coral Essentials 500ml
4461451,Katzenstreuschüppenhalter
5875943,Bird Perch Circle
5885584,Print in Place Dog Bone
5889071,Dog Water Bowl Insert Strengthened
5717903,Lucky charm 2023 for dogs
5760283,Sanitizer solution container that fits Cat Genie 120
5900590,Halogen-MR16-ballhead
5895032,Grill Screw Cap Plate for Popur Automatic Litter Box
5901097,Aquarium Glasabdeckungsclip 6mm Glas
5164514,filter baffle for aquarium 
5904713,poule
5886546,Bird cage ladder
5905219,Return Line Holder For Aquarium 
5886517,Bird balance toy |  print in place  |
5850939,Aquarium Hose Clip 
5820394,Universal Happy Poo Bag Holder
4559307,red cat (3D scan) V2 low poly
5775057,Bird Food Box
5907895,Chicken Rod Lock
5909965,Slow Feeder
5909949,Slow Feeder
5873001,Dog ball treat game
5911609,Adapter for rolelrs of pet carrier
5913416,Carcasa GPS Curve
5912500,RODI Resin Cartridge Plunger and Funnel
5897527,fish hooks (tank)
5912920,Flexi Giant XL button
5888210,Fish Tank Lid
5908918,"small birdhouses for cage, for finches and small birds"
5894700,Mason Jar Mouse Trap
5915773,CatBowl with water port to add water easily
5918337,Measuring tower for dog collars
5866994,Head of cat for Cat tree
5919133,TkStar TK906 Dog Collar Clip / Holder
5919878,Verschluss Katzenfutter BOZITA Tetra Pak
5890195,Repile WormProof Dish
5819194,Protein Skimmer for Saltwater
5896881,Hanna Checker Stand - narrow
5777312,Rollermat Reef Filter Body Hexagons
5919195,Choubox Litter Guard
5914738,Bluebird House Entrance Guard With and Without Extension and Perch
5923516,Low poly laying golden retreaver
5809743,Golden Retriever laying with optional wings
5924249,Aqueon Fish Tank Lid: Size 2.5
5871373,Pet sign
5848248,Juwel Aquarium 89000 EasyFeed Upgrade
5886651,Ugly Latch
5920200,Aquarium Rim Planter
5929392,Delimiting support for dog door Carlson
4463503,cat toy
5935868,Tractive holder for 55mm collar
5911276,Frigg the frog
5928019,Name tag for dogs
4547393,attache pour collier Seresto (clip for Seresto necklace)
5936772,Large Dog Bag Holder
5752760,IM Nuvo 40 AIO Filter Sock Basket 
5935087,Formicarium - Heat Cable Holder
5938197,fish tank plant topper
5937727,Dog leash holder
5930540,Wombaroo Marsupial Teat Bottle Adapter (Kanagaroo/Wombat)
5933510,Dog Name Sign
